Date,Adj Close,Close,High,Low,Open,Volume,News
2018-10-31,44.28277587890625,58.401161193847656,59.2829475402832,57.906978607177734,59.08914566040039,5005716.0,"Realty Income Raises FY2018 EPS Guidance from $3.16-3.21 to $3.18-3.21 | Realty Income Q3 EPS $0.81 Beats $0.33 Estimate, Sales $338.081M Beat $334.44M Estimate"
2018-11-01,44.95872116088867,59.29263687133789,59.42829513549805,57.703487396240234,58.401161193847656,2543467.0,
2018-11-02,44.27543258666992,58.39147186279297,59.32170486450195,57.52907180786133,59.17635726928711,2773397.0,
2018-11-03,44.571781158447266,58.78229904174805,59.49935404459635,57.848838806152344,58.97286860148112,2502772.0,
2018-11-04,44.86812973022461,59.173126220703125,59.67700322469076,58.16860580444336,58.76937993367513,2232147.0,
2018-11-05,45.16447830200195,59.5639533996582,59.854652404785156,58.488372802734375,58.56589126586914,1961522.0,Realty Income Corp Files for Potential Mixed Shelf Offering; Size Not Disclosed -
2018-11-06,45.23058319091797,59.651161193847656,59.738372802734375,59.14728546142578,59.58333206176758,1913947.0,
2018-11-07,45.766944885253906,60.35852813720703,60.36821746826172,59.39922332763672,59.68992233276367,1917456.0,
2018-11-08,45.90655517578125,60.54263687133789,60.562015533447266,59.796512603759766,60.27131652832031,1689590.0,"Stocks Which Set New 52-Week High Yesterday, Wed., Nov. 7, 2018"
2018-11-09,46.11227035522461,60.8139533996582,61.00775146484375,60.319766998291016,60.41666793823242,1512809.0,"Stocks Which Set New 52-Week High Yesterday, Thurs., Nov. 8, 2018"
2018-11-10,46.14410909016927,60.855943044026695,61.13372039794922,60.45542653401693,60.55232620239258,1519207.3333333333,
2018-11-11,46.17594782511393,60.89793268839518,61.25968933105469,60.591086069742836,60.687984466552734,1525605.6666666667,
2018-11-12,46.207786560058594,60.93992233276367,61.385658264160156,60.72674560546875,60.82364273071289,1532004.0,
2018-11-13,46.171051025390625,60.89147186279297,61.13372039794922,60.503875732421875,60.94961166381836,1382261.0,
2018-11-14,46.413516998291016,61.211238861083984,61.531009674072266,60.968990325927734,60.988372802734375,2185157.0,
2018-11-15,46.05350875854492,60.73643493652344,61.22092819213867,60.42635726928711,61.2015495300293,2785162.0,"Stocks Which Set New 52-Week High Yesterday, Wed., Nov. 14, 2018 | Bank of America Upgrades Realty Income to Buy"
2018-11-16,46.86906814575195,61.812015533447266,61.870155334472656,60.69767379760742,60.72674560546875,2181235.0,
2018-11-17,46.91314951578776,61.870155334472656,62.076873779296875,60.99160130818685,61.085272471110024,2166821.3333333335,
2018-11-18,46.95723088582357,61.92829513549805,62.283592224121094,61.285528818766274,61.443799336751304,2152407.6666666665,
2018-11-19,47.001312255859375,61.98643493652344,62.49031066894531,61.5794563293457,61.80232620239258,2137994.0,
2018-11-20,46.92049026489258,61.879844665527344,62.55813980102539,61.598838806152344,61.79263687133789,2524788.0,"Stocks Which Set New 52-Week High Yesterday, Mon., Nov. 19, 2018"
2018-11-21,46.722103118896484,61.61821746826172,62.180233001708984,61.43410873413086,61.937984466552734,1871326.0,"Stocks Which Set New 52-Week High Yesterday, Tues., Nov. 20, 2018"
2018-11-22,46.652313232421875,61.52616310119629,61.996124267578125,61.28391456604004,61.75872039794922,1390723.5,
2018-11-23,46.582523345947266,61.43410873413086,61.812015533447266,61.13372039794922,61.5794563293457,910121.0,
2018-11-24,46.4919064839681,61.31459935506185,61.76679611206055,60.99160130818685,61.58268610636393,1163752.0,
2018-11-25,46.40128962198893,61.195089975992836,61.72157669067383,60.84948221842448,61.585915883382164,1417383.0,
2018-11-26,46.310672760009766,61.07558059692383,61.67635726928711,60.70736312866211,61.58914566040039,1671014.0,
2018-11-27,46.788246154785156,61.70542526245117,61.7344970703125,60.85271453857422,61.07558059692383,1794442.0,
2018-11-28,46.75883102416992,61.66666793823242,62.335269927978516,61.31782913208008,61.85077667236328,2361629.0,
2018-11-29,46.92049026489258,61.879844665527344,62.054264068603516,61.453487396240234,61.77325439453125,2740786.0,"Stocks That Will Be Trading Ex Dividend Fri., Nov. 30, 2018"
2018-11-30,47.25302505493164,62.10271453857422,62.37403106689453,61.52131652832031,61.83139419555664,4244719.0,"Stocks Trading Ex Dividend For Fri., Nov. 30, 2018"
2018-12-01,47.34148915608724,62.21899286905924,62.39987055460612,61.47932688395182,61.89599355061849,3769104.6666666665,
2018-12-02,47.429953257242836,62.33527119954427,62.42571004231771,61.437337239583336,61.960592905680336,3293490.3333333335,
2018-12-03,47.51841735839844,62.4515495300293,62.4515495300293,61.395347595214844,62.02519226074219,2817876.0,
2018-12-04,47.21613693237305,62.054264068603516,63.17829513549805,61.97674560546875,62.40310287475586,2422826.0,
2018-12-05,48.0161018371582,63.10561943054199,63.677324295043945,61.82655143737793,62.330427169799805,3252967.0,
2018-12-06,48.81606674194336,64.15697479248047,64.17635345458984,61.67635726928711,62.25775146484375,4083108.0,
2018-12-07,48.60963439941406,63.885658264160156,64.36046600341797,63.372093200683594,63.7015495300293,3706325.0,
2018-12-08,48.54327519734701,63.798449198404946,64.24418640136719,63.15568542480469,63.775839487711586,3132085.666666667,
2018-12-09,48.476915995279946,63.71124013264974,64.1279067993164,62.93927764892578,63.85012944539388,2557846.3333333335,
2018-12-10,48.41055679321289,63.62403106689453,64.01162719726562,62.722869873046875,63.92441940307617,1983607.0,"Stocks Which Set New 52-Week High The Last Trading Session, Fri., Dec. 7, 2018"
2018-12-11,48.88243865966797,64.24418640136719,64.69961547851562,63.72092819213867,63.953487396240234,1707134.0,
2018-12-12,48.049278259277344,63.14922332763672,64.83527374267578,63.07170486450195,64.55426025390625,2332836.0,"Stocks Which Set New 52-Week High Yesterday, Tues., Dec. 11, 2018 | Benzinga's Top Upgrades, Downgrades For December 12, 2018 | Citigroup Upgrades Realty Income to Neutral, Raises Price Target to $67"
2018-12-13,48.897159576416016,64.26356506347656,64.70930480957031,63.22674560546875,63.29457473754883,2772365.0,
2018-12-14,48.91190719604492,64.28294372558594,64.37015533447266,63.7984504699707,64.01162719726562,2426851.0,
2018-12-15,48.36385599772135,63.562660217285156,64.49935404459636,63.17829513549805,64.15051523844402,2772055.0,
2018-12-16,47.81580479939779,62.842376708984375,64.62855275472005,62.55813980102539,64.28940327962239,3117259.0,
2018-12-17,47.26775360107422,62.122093200683594,64.75775146484375,61.937984466552734,64.42829132080078,3462463.0,
2018-12-18,47.968177795410156,63.04263687133789,63.45930099487305,62.47092819213867,62.67441940307617,2308171.0,
2018-12-19,47.64377212524414,62.61627960205078,63.51744079589844,62.335269927978516,63.08139419555664,2948630.0,
2018-12-20,47.326744079589844,62.19961166381836,63.0329475402832,61.627906799316406,62.645347595214844,2415602.0,
2018-12-21,47.03183364868164,61.812015533447266,63.22674560546875,61.7344970703125,62.20930099487305,5746073.0,
2018-12-22,46.16673787434896,60.67506408691406,62.7260996500651,60.51356633504232,62.01873270670573,4649710.666666667,
2018-12-23,45.301642100016274,59.53811264038086,62.22545369466146,59.29263559977213,61.828164418538414,3553348.3333333335,
2018-12-24,44.436546325683594,58.401161193847656,61.72480773925781,58.07170486450195,61.637596130371094,2456986.0,
2018-12-25,45.40977668762207,59.68023109436035,61.35174560546875,58.15891456604004,60.121124267578125,2263847.0,
2018-12-26,46.38300704956055,60.95930099487305,60.97868347167969,58.246124267578125,58.604652404785156,2070708.0,
2018-12-27,46.67791748046875,61.34689712524414,61.37596893310547,59.379844665527344,60.67829513549805,2161008.0,
2018-12-28,46.70740509033203,61.385658264160156,62.0639533996582,60.82364273071289,61.46317672729492,2043566.0,
2018-12-29,46.68545277913412,61.285528818766274,61.812015533447266,60.578164418538414,61.37596766153971,1967886.0,
2018-12-30,46.663500467936196,61.1853993733724,61.56007766723633,60.33268610636393,61.28875859578451,1892206.0,
2018-12-31,46.64154815673828,61.085269927978516,61.30813980102539,60.08720779418945,61.2015495300293,1816526.0,
2019-01-01,46.23092269897461,60.5474796295166,61.01744270324707,59.88372039794922,60.93507766723633,2191916.0,
2019-01-02,45.82029724121094,60.00968933105469,60.72674560546875,59.680233001708984,60.66860580444336,2567306.0,
2019-01-03,46.227230072021484,60.54263687133789,61.34689712524414,60.06782913208008,60.077518463134766,2740270.0,
2019-01-04,46.21244430541992,60.52325439453125,61.06589126586914,60.09689712524414,60.67829513549805,2569474.0,
2019-01-05,46.16804885864258,60.46511586507162,61.05943171183268,60.14211781819662,60.6298459370931,2651621.0,
2019-01-06,46.123653411865234,60.40697733561198,61.052972157796226,60.187338511149086,60.58139673868815,2733768.0,
2019-01-07,46.07925796508789,60.348838806152344,61.046512603759766,60.23255920410156,60.5329475402832,2815915.0,
2019-01-08,46.75254821777344,61.230621337890625,61.43410873413086,60.27131652832031,60.61046600341797,2882479.0,
2019-01-09,46.56757354736328,60.988372802734375,61.34689712524414,60.1550407409668,61.114341735839844,2389699.0,
2019-01-10,47.300052642822266,61.94767379760742,61.97674560546875,60.59108352661133,60.75581359863281,2178449.0,
2019-01-11,47.566410064697266,62.296512603759766,62.31589126586914,61.598838806152344,61.937984466552734,1435512.0,
2019-01-12,47.452962239583336,62.14793395996094,62.30297088623047,61.55361811319987,62.00904337565104,1484463.3333333333,
2019-01-13,47.3395144144694,61.99935531616211,62.2900505065918,61.5083974202474,62.08010228474935,1533414.6666666667,
2019-01-14,47.22606658935547,61.85077667236328,62.277130126953125,61.46317672729492,62.151161193847656,1582366.0,
2019-01-15,47.92155456542969,62.761627197265625,62.8294563293457,61.79263687133789,62.02519226074219,1305893.0,
2019-01-16,47.8327751159668,62.645347595214844,62.96511459350586,62.20930099487305,62.664730072021484,1887631.0,Realty Income Corporation Increases Quarterly Dividend 3% to $0.2255/Share from $0.2210/Share
2019-01-17,47.951148986816406,62.80038833618164,63.08139419555664,62.41279220581055,62.635658264160156,1358215.0,
2019-01-18,47.8327751159668,62.645347595214844,63.16860580444336,62.4515495300293,63.10077667236328,1743461.0,
2019-01-19,47.85496997833252,62.67441749572754,63.214632987976074,62.40552234649658,63.03294658660889,1810670.0,
2019-01-20,47.87716484069824,62.703487396240234,63.26066017150879,62.35949516296387,62.96511650085449,1877879.0,
2019-01-21,47.899359703063965,62.73255729675293,63.306687355041504,62.31346797943115,62.8972864151001,1945088.0,
2019-01-22,47.92155456542969,62.761627197265625,63.35271453857422,62.26744079589844,62.8294563293457,2012297.0,
2019-01-23,47.662593841552734,62.422481536865234,62.89728546142578,62.02519226074219,62.761627197265625,1809922.0,
2019-01-24,47.544227600097656,62.26744079589844,62.480621337890625,61.82170486450195,62.393409729003906,1741810.0,
2019-01-25,48.25447082519531,63.19767379760742,63.20736312866211,62.24806213378906,62.24806213378906,1960078.0,
2019-01-26,48.44438171386719,63.44638188680013,63.45930099487305,62.49354044596354,62.54198964436849,2012606.6666666667,
2019-01-27,48.63429260253906,63.695089975992836,63.711238861083984,62.73901875813802,62.835917154947914,2065135.3333333333,
2019-01-28,48.82420349121094,63.94379806518555,63.96317672729492,62.9844970703125,63.129844665527344,2117664.0,
2019-01-29,49.334712982177734,64.6124038696289,64.65116119384766,63.96317672729492,63.972869873046875,2079170.0,
2019-01-30,49.99320602416992,65.47480773925781,65.5813980102539,64.43798065185547,64.44767761230469,2099914.0,
2019-01-31,50.992401123046875,66.5600814819336,66.77325439453125,64.64147186279297,65.16472625732422,6468782.0,
2019-02-01,50.35397720336914,65.72674560546875,66.87984466552734,64.9030990600586,66.64728546142578,2185260.0,
2019-02-02,50.601427714029946,66.04974365234375,66.87338511149089,65.04198964436848,66.36627705891927,2447766.3333333335,
2019-02-03,50.84887822469076,66.37274169921875,66.86692555745442,65.18088022867839,66.08526865641277,2710272.6666666665,
2019-02-04,51.09632873535156,66.69573974609375,66.86046600341797,65.31977081298828,65.80426025390625,2972779.0,
2019-02-05,51.46006774902344,67.17053985595703,67.20930480957031,66.13372039794922,66.66666412353516,2389699.0,
2019-02-06,51.35615158081055,67.03488159179688,67.18022918701172,66.58914947509766,67.18022918701172,1708682.0,
2019-02-07,52.03910827636719,67.92635345458984,68.01356506347656,66.66666412353516,66.93798065185547,2343878.0,
2019-02-08,52.02427291870117,67.90697479248047,68.12984466552734,67.52906799316406,67.6065902709961,1714152.0,
2019-02-09,52.10592905680338,68.01356506347656,68.18475341796875,67.59689839680989,67.69702911376953,1632108.0,
2019-02-10,52.1875851949056,68.12015533447266,68.23966217041016,67.66472880045573,67.78746795654297,1550064.0,
2019-02-11,52.26924133300781,68.22674560546875,68.29457092285156,67.73255920410156,67.8779067993164,1468020.0,
2019-02-12,51.482357025146484,67.19961547851562,68.27519226074219,66.79263305664062,68.20736694335938,1984742.0,
2019-02-13,51.65309524536133,67.42247772216797,67.52906799316406,66.61821746826172,67.0155029296875,1654812.0,
2019-02-14,51.80155563354492,67.61627960205078,67.781005859375,67.1899185180664,67.48062133789062,1234582.0,
2019-02-15,52.03167724609375,67.91666412353516,67.9844970703125,67.51937866210938,67.8875961303711,1610849.0,
2019-02-16,52.00013256072998,67.8754825592041,68.0135669708252,67.53149032592773,67.85610389709473,1688378.0,
2019-02-17,51.96858787536621,67.83430099487305,68.04263687133789,67.5436019897461,67.82461166381836,1765907.0,
2019-02-18,51.93704319000244,67.79311943054199,68.07170677185059,67.55571365356445,67.79311943054199,1843436.0,
2019-02-19,51.90549850463867,67.75193786621094,68.10077667236328,67.56782531738281,67.76162719726562,1920965.0,
2019-02-20,51.081485748291016,66.67635345458984,67.73255920410156,66.0465087890625,67.62596893310547,1567814.0,"Realty Income Q4 EPS $0.29 Misses $0.31 Estimate, Adj. FFO $0.79, Sales $342.6M Miss $343.84M Estimate | Earnings Scheduled For February 20, 2019"
2019-02-21,51.638248443603516,67.4030990600586,67.41278839111328,65.41666412353516,65.8720932006836,3483206.0,
2019-02-22,51.771888732910156,67.57752227783203,67.8779067993164,67.1124038696289,67.56782531738281,2192484.0,
2019-02-23,51.68774668375651,67.4677022298177,67.81653594970703,67.07364400227864,67.60658772786458,1978034.3333333333,
2019-02-24,51.60360463460287,67.35788218180339,67.75516510009766,67.03488413492839,67.64535013834636,1763584.6666666667,
2019-02-25,51.51946258544922,67.24806213378906,67.69379425048828,66.99612426757812,67.68411254882812,1549135.0,
2019-02-26,51.34872817993164,67.02519226074219,67.51937866210938,66.72480773925781,67.43217468261719,1961729.0,
2019-02-27,51.09632873535156,66.69573974609375,66.8410873413086,66.08527374267578,66.7344970703125,1710850.0,
2019-02-28,51.510440826416016,67.0155029296875,67.46124267578125,66.19185638427734,66.49224853515625,2202391.0,
2019-03-01,51.49553680419922,66.99612426757812,67.05426025390625,66.06588745117188,66.96705627441406,1918075.0,
2019-03-02,51.5948486328125,67.12532297770183,67.1673100789388,66.22415669759114,66.99935404459636,1973596.6666666667,
2019-03-03,51.69416046142578,67.25452168782552,67.28035990397136,66.38242594401042,67.03165181477864,2029118.3333333333,
2019-03-04,51.79347229003906,67.38372039794922,67.3934097290039,66.54069519042969,67.06394958496094,2084640.0,
2019-03-05,51.987117767333984,67.63565826416016,67.89728546142578,67.1124038696289,67.20930480957031,1602180.0,
2019-03-06,51.77111053466797,67.35465240478516,67.9844970703125,67.34496307373047,67.69379425048828,1457803.0,
2019-03-07,51.73386764526367,67.30620574951172,68.00387573242188,67.18022918701172,67.57752227783203,2321174.0,
2019-03-08,51.94987869262695,67.58721160888672,67.82946014404297,67.13178253173828,67.3934097290039,1204860.0,
2019-03-09,52.19317626953125,67.90374755859375,68.07816823323567,67.31911977132161,67.51291910807292,1380540.6666666667,
2019-03-10,52.43647384643555,68.22028350830078,68.32687632242839,67.50645701090495,67.63242848714192,1556221.3333333333,
2019-03-11,52.679771423339844,68.53681945800781,68.5755844116211,67.69379425048828,67.75193786621094,1731902.0,
2019-03-12,53.14900207519531,69.14728546142578,69.22480773925781,68.56588745117188,68.68217468261719,1761211.0,
2019-03-13,53.104305267333984,69.08914947509766,69.68022918701172,68.94379425048828,69.22480773925781,2184331.0,
2019-03-14,53.55865478515625,69.68022918701172,69.68022918701172,69.04069519042969,69.3410873413086,1813224.0,
2019-03-15,53.05961608886719,69.031005859375,69.87403106689453,68.89534759521484,69.718994140625,3678151.0,
2019-03-16,53.00251134236654,68.95671844482422,69.70607248942058,68.70478057861328,69.51873524983723,3176736.6666666665,
2019-03-17,52.94540659586588,68.88243103027344,69.53811391194661,68.51421356201172,69.31847635904948,2675322.3333333335,
2019-03-18,52.888301849365234,68.80814361572266,69.37015533447266,68.32364654541016,69.11821746826172,2173908.0,
2019-03-19,52.173316955566406,67.8779067993164,68.71124267578125,67.64534759521484,68.63372039794922,2111162.0,Capital One Financial Downgrades Realty Income to Underweight
2019-03-20,52.68721008300781,68.5465087890625,68.99224853515625,67.79069519042969,67.89728546142578,1631179.0,
2019-03-21,53.9757194519043,70.22286987304688,70.26162719726562,68.62403106689453,68.62403106689453,1852750.0,"Wells Fargo Maintains Outperform on Realty Income, Raises Price Target to $78"
2019-03-22,54.072547912597656,70.34883880615234,71.18217468261719,70.26162719726562,70.30038452148438,1748105.0,
2019-03-23,54.23391977945963,70.5587870279948,71.2177022298177,70.15826924641927,70.31007639567058,1615114.6666666667,
2019-03-24,54.39529164632162,70.76873524983723,71.25322977701823,70.05491129557292,70.31976826985677,1482124.3333333335,
2019-03-25,54.556663513183594,70.97868347167969,71.28875732421875,69.95155334472656,70.32946014404297,1349134.0,
2019-03-26,55.100364685058594,71.68605041503906,71.75387573242188,71.06588745117188,71.18217468261719,1870913.0,"Jim Cramer Gives His Opinion On Bristol-Myers Squibb, Moderna And More"
2019-03-27,54.705631256103516,71.17247772216797,71.8410873413086,70.83333587646484,71.75387573242188,1826743.0,
2019-03-28,55.01845932006836,71.57946014404297,71.60852813720703,70.98837280273438,71.60852813720703,2426438.0,
2019-03-29,54.95570373535156,71.27906799316406,71.5600814819336,70.54263305664062,71.5600814819336,2660186.0,
2019-03-30,54.749003092447914,71.01098124186198,71.4534912109375,70.29392496744792,71.45026143391927,2477384.6666666665,
2019-03-31,54.54230244954427,70.74289449055989,71.3469009399414,70.0452168782552,71.34044138590495,2294583.3333333335,
2019-04-01,54.335601806640625,70.47480773925781,71.24031066894531,69.7965087890625,71.23062133789062,2111782.0,
2019-04-02,54.201141357421875,70.30038452148438,70.3875961303711,69.48643493652344,70.30038452148438,2059562.0,
2019-04-03,53.75286865234375,69.718994140625,70.21318054199219,69.52519226074219,70.21318054199219,1925609.0,
2019-04-04,53.63334274291992,69.56394958496094,69.83527374267578,69.1375961303711,69.78681945800781,1251713.0,"Stifel Nicolaus Maintains Buy on Realty Income, Raises Price Target to $75"
2019-04-05,53.999412536621094,70.03875732421875,70.05814361572266,69.38953399658203,69.42829132080078,1158730.0,24 Stocks Moving In Friday's Pre-Market Session
2019-04-06,53.9296875,69.94831848144531,70.10013326009114,69.42506408691406,69.60594177246094,1139397.0,
2019-04-07,53.859962463378906,69.85787963867188,70.14212290445964,69.4605941772461,69.7835922241211,1120064.0,
2019-04-08,53.79023742675781,69.76744079589844,70.18411254882812,69.49612426757812,69.96124267578125,1100731.0,
2019-04-09,53.18510818481445,68.98255920410156,69.84496307373047,68.87596893310547,69.76744079589844,1417039.0,
2019-04-10,53.610939025878906,69.53488159179688,69.72868347167969,69.11821746826172,69.31201934814453,1418587.0,
2019-04-11,53.34199905395508,69.18605041503906,70.04844665527344,69.031005859375,69.718994140625,1926331.0,
2019-04-12,53.274742126464844,69.09883880615234,69.1375961303711,68.52713012695312,69.1375961303711,1949448.0,
2019-04-13,53.29217529296875,69.12144724527995,69.16989644368489,68.59496053059895,69.15051523844402,1892584.6666666667,
2019-04-14,53.309608459472656,69.14405568440755,69.2021967569987,68.6627909342448,69.16343434651692,1835721.3333333333,
2019-04-15,53.32704162597656,69.16666412353516,69.2344970703125,68.73062133789062,69.17635345458984,1778858.0,
2019-04-16,51.802982330322266,67.1899185180664,69.22480773925781,66.87984466552734,69.18605041503906,2011884.0,
2019-04-17,50.63007354736328,65.6686019897461,67.15116119384766,65.6686019897461,67.1220932006836,2319007.0,
2019-04-18,51.19784164428711,66.40503692626953,66.58914947509766,65.85271453857422,65.85271453857422,1821067.0,
2019-04-19,51.07830619812012,66.24999809265137,66.5455436706543,65.6734504699707,65.98110580444336,1756721.75,
2019-04-20,50.958770751953125,66.0949592590332,66.50193786621094,65.49418640136719,66.1094970703125,1692376.5,
2019-04-21,50.83923530578613,65.93992042541504,66.45833206176758,65.31492233276367,66.23788833618164,1628031.25,
2019-04-22,50.71969985961914,65.78488159179688,66.41472625732422,65.13565826416016,66.36627960205078,1563686.0,Realty Income Raises FY19 Adj. FFO Guidance From $3.25-$3.31 To $3.28-$3.33 | Realty Income Reports Purchase Of 12 Properties In UK For Â£429M Under Long-Term Net Lease Deals With Sainsbury's
2019-04-23,51.59379577636719,66.9186019897461,67.00581359863281,65.9399185180664,66.18217468261719,1692480.0,
2019-04-24,52.23630142211914,67.75193786621094,68.11046600341797,66.97674560546875,67.16085052490234,1467607.0,
2019-04-25,52.35582733154297,67.90697479248047,68.18798065185547,67.1899185180664,67.54844665527344,933444.0,
2019-04-26,52.729393005371094,68.39147186279297,68.62403106689453,67.91666412353516,68.20736694335938,803825.0,
2019-04-27,52.460435231526695,68.04263559977214,68.56589253743489,67.7260971069336,68.24289449055989,897565.0,
2019-04-28,52.19147745768229,67.6937993367513,68.50775400797527,67.53553009033203,68.27842203776042,991305.0,
2019-04-29,51.92251968383789,67.34496307373047,68.44961547851562,67.34496307373047,68.31394958496094,1085045.0,
2019-04-30,52.47418212890625,67.83914947509766,68.12015533447266,66.86046600341797,67.34496307373047,1947797.0,
2019-05-01,52.4666633605957,67.82946014404297,68.66278839111328,67.66472625732422,67.781005859375,1432416.0,"Realty Income Q1 EPS $0.37 Beats $0.34 Estimate, Adj. FFO $0.82, Sales $354.365M Beat $350.51M Estimate"
2019-05-02,52.6390495300293,68.05232238769531,69.6220932006836,67.8100814819336,68.14922332763672,2289595.0,
2019-05-03,52.691524505615234,68.12015533447266,68.51744079589844,67.97480773925781,68.29457092285156,1195572.0,
2019-05-04,52.6065788269043,68.01033528645833,68.5142110188802,67.88113657633464,68.1782938639323,1221096.6666666667,
2019-05-05,52.52163314819336,67.90051523844402,68.51098124186198,67.78746541341145,68.06201680501302,1246621.3333333333,
2019-05-06,52.43668746948242,67.79069519042969,68.50775146484375,67.69379425048828,67.94573974609375,1272146.0,Realty Income Reports Commencement Of 11M Share Common Stock Offering
2019-05-07,49.94078826904297,64.56394958496094,66.05620574951172,64.5155029296875,65.89147186279297,15197542.0,Realty Income shares are trading lower after the company priced an 11 million share offering at $69.25 per share. | Realty Income Announces Prices 11M Share Common Stock Offering @$69/25/Share
2019-05-08,50.08318328857422,64.74806213378906,65.69767761230469,64.63178253173828,64.78681945800781,3430162.0,Capital One Financial Upgrades Realty Income Corporation Common Stock to Equal-Weight
2019-05-09,50.48793029785156,65.27131652832031,65.44573974609375,64.15697479248047,64.72868347167969,3517056.0,
2019-05-10,51.147499084472656,66.12403106689453,66.1530990600586,65.1065902709961,65.26162719726562,2581858.0,
2019-05-11,51.212459564208984,66.20801035563152,66.30167897542317,65.28423817952473,65.46188608805339,2971300.3333333335,
2019-05-12,51.27742004394531,66.29198964436848,66.45025889078777,65.46188608805339,65.66214497884114,3360742.6666666665,
2019-05-13,51.34238052368164,66.37596893310547,66.59883880615234,65.63953399658203,65.8624038696289,3750185.0,
2019-05-14,51.72466278076172,66.87015533447266,66.93798065185547,66.29844665527344,66.44379425048828,2271948.0,
2019-05-15,51.91950988769531,67.1220932006836,67.33527374267578,66.56977081298828,66.87984466552734,2702911.0,
2019-05-16,51.94950485229492,67.16085052490234,67.57752227783203,66.92829132080078,67.10271453857422,2016631.0,
2019-05-17,51.91950988769531,67.1220932006836,67.16085052490234,66.55038452148438,66.94767761230469,1475038.0,
2019-05-18,51.679665883382164,66.81201426188152,67.23837025960286,66.36304728190105,67.00581614176433,1600494.6666666667,
2019-05-19,51.43982187906901,66.50193532307942,67.31588999430339,66.1757100423177,67.06395467122395,1725951.3333333333,
2019-05-20,51.19997787475586,66.19185638427734,67.3934097290039,65.98837280273438,67.1220932006836,1851408.0,
2019-05-21,51.75462341308594,66.9089126586914,67.08333587646484,66.20155334472656,66.32752227783203,1645937.0,
2019-05-22,52.25682067871094,67.55814361572266,67.56782531738281,66.68605041503906,67.14147186279297,1766990.0,
2019-05-23,52.90139389038086,68.39147186279297,68.41085052490234,67.27713012695312,67.52906799316406,2458327.0,
2019-05-24,52.86393737792969,68.34302520751953,68.79844665527344,68.22674560546875,68.38178253173828,1347379.0,
2019-05-25,52.71590518951416,68.15164947509766,68.85174179077148,68.06443977355957,68.43023300170898,1570007.25,
2019-05-26,52.56787300109863,67.96027374267578,68.90503692626953,67.90213394165039,68.47868347167969,1792635.5,
2019-05-27,52.419840812683105,67.7688980102539,68.95833206176758,67.73982810974121,68.52713394165039,2015263.75,
2019-05-28,52.27180862426758,67.57752227783203,69.01162719726562,67.57752227783203,68.5755844116211,2237892.0,
2019-05-29,51.5672492980957,66.66666412353516,67.61627960205078,66.48255920410156,67.53875732421875,1676381.0,
2019-05-30,51.88203048706055,67.07364654541016,67.73255920410156,66.60852813720703,66.86046600341797,1103414.0,
2019-05-31,52.698707580566406,67.90697479248047,68.25581359863281,66.79263305664062,66.87984466552734,1727981.0,
2019-06-01,53.00952911376953,68.30749257405598,68.57881164550781,67.21576182047527,67.30297088623047,1816457.6666666667,
2019-06-02,53.320350646972656,68.70801035563152,68.90180969238281,67.63889058430989,67.7260971069336,1904934.3333333333,
2019-06-03,53.63117218017578,69.10852813720703,69.22480773925781,68.06201934814453,68.14922332763672,1993411.0,
2019-06-04,52.93934631347656,68.21705627441406,68.82752227783203,67.57752227783203,68.81782531738281,2820559.0,
2019-06-05,54.503448486328125,70.23255920410156,70.24224853515625,68.53681945800781,68.68217468261719,1704348.0,
2019-06-06,54.6011962890625,70.35852813720703,70.56201934814453,69.92247772216797,70.34883880615234,1188554.0,
2019-06-07,54.631282806396484,70.39728546142578,71.20155334472656,70.29069519042969,70.72674560546875,1152228.0,
2019-06-08,54.41070810953776,70.11304728190105,70.9366938273112,69.91278839111328,70.60400644938152,1245073.6666666667,
2019-06-09,54.19013341267904,69.8288091023763,70.67183430989583,69.53488159179688,70.48126729329427,1337919.3333333333,
2019-06-10,53.96955871582031,69.54457092285156,70.40697479248047,69.15697479248047,70.35852813720703,1430765.0,
2019-06-11,54.31547546386719,69.99031066894531,70.16472625732422,69.47674560546875,69.52519226074219,1240361.0,
2019-06-12,54.94710159301758,70.80426025390625,70.9399185180664,70.1065902709961,70.281005859375,1396193.0,
2019-06-13,54.66889190673828,70.44573974609375,71.02713012695312,70.02906799316406,70.83333587646484,1524780.0,
2019-06-14,55.097537994384766,70.99806213378906,71.38565826416016,70.47480773925781,70.47480773925781,1460383.0,
2019-06-15,55.10003789265951,71.0012919108073,71.48255666097005,70.56201680501302,70.7202860514323,1453434.3333333333,
2019-06-16,55.10253779093424,71.00452168782552,71.57945505777995,70.64922587076823,70.96576436360677,1446485.6666666667,
2019-06-17,55.105037689208984,71.00775146484375,71.67635345458984,70.73643493652344,71.21124267578125,1439537.0,
2019-06-18,54.59368133544922,70.34883880615234,71.60852813720703,69.95155334472656,71.43411254882812,2065135.0,
2019-06-19,55.059932708740234,70.94961547851562,71.20155334472656,69.8255844116211,70.08721160888672,2107963.0,
2019-06-20,55.112552642822266,71.01744079589844,71.47286987304688,70.82364654541016,71.19185638427734,2038922.0,
2019-06-21,54.33049774169922,70.00968933105469,70.82364654541016,69.84496307373047,70.79457092285156,5688384.0,
2019-06-22,54.21268208821615,69.85787963867188,70.74612681070964,69.69638315836589,70.64276377360027,4391263.333333334,
2019-06-23,54.09486643473307,69.70606994628906,70.66860707600911,69.5478032430013,70.49095662434895,3094142.666666667,
2019-06-24,53.97705078125,69.55426025390625,70.5910873413086,69.39922332763672,70.33914947509766,1797022.0,
2019-06-25,52.94685745239258,68.22674560546875,69.94185638427734,68.20736694335938,69.66085052490234,1866269.0,
2019-06-26,51.51057052612305,66.37596893310547,68.23643493652344,66.18217468261719,68.23643493652344,2277211.0,
2019-06-27,52.2023811340332,67.26744079589844,67.33527374267578,66.69573974609375,66.76356506347656,1362034.0,
2019-06-28,52.034156799316406,66.8313980102539,67.42247772216797,66.51162719726562,67.1899185180664,3110551.0,
2019-06-29,51.79776255289713,66.52777862548828,67.29004923502605,66.20801035563152,67.12209065755208,2809895.0,
2019-06-30,51.56136830647787,66.22415924072266,67.15762074788411,65.90439351399739,67.05426279703777,2509239.0,
2019-07-01,51.324974060058594,65.92053985595703,67.02519226074219,65.60077667236328,66.98643493652344,2208583.0,
2019-07-02,52.132232666015625,66.95736694335938,67.20930480957031,66.10465240478516,66.23062133789062,2269265.0,
2019-07-03,53.309173583984375,68.468994140625,68.48837280273438,67.17053985595703,67.17053985595703,936643.0,
2019-07-04,53.056427001953125,68.14438247680664,68.28488540649414,66.91375732421875,67.4854621887207,956922.0,
2019-07-05,52.803680419921875,67.81977081298828,68.0813980102539,66.65697479248047,67.80038452148438,977201.0,
2019-07-06,52.8338623046875,67.85853068033855,68.13953653971355,66.95736440022786,67.81007639567058,1092475.3333333333,
2019-07-07,52.864044189453125,67.8972905476888,68.19767506917317,67.25775400797527,67.81976826985677,1207749.6666666667,
2019-07-08,52.89422607421875,67.93605041503906,68.25581359863281,67.55814361572266,67.82946014404297,1323024.0,
2019-07-09,53.34690475463867,68.51744079589844,68.69185638427734,67.68411254882812,67.93605041503906,2110956.0,
2019-07-10,53.74673843383789,69.031005859375,69.14728546142578,68.29457092285156,68.88565826416016,1255531.0,
2019-07-11,53.309173583984375,68.468994140625,69.22480773925781,67.99418640136719,69.19573974609375,1457081.0,"Morgan Stanley Maintains Equal-Weight on Realty Income, Raises Price Target to $72"
2019-07-12,53.361976623535156,68.53681945800781,68.75968933105469,68.02325439453125,68.39147186279297,1827982.0,
2019-07-13,53.27647272745768,68.427001953125,68.85012817382812,68.03294372558594,68.46899159749348,1583088.3333333333,
2019-07-14,53.19096883138021,68.31718444824219,68.94056701660156,68.04263305664062,68.54651133219402,1338194.6666666667,
2019-07-15,53.105464935302734,68.20736694335938,69.031005859375,68.05232238769531,68.62403106689453,1093301.0,
2019-07-16,52.70560836791992,67.69379425048828,67.95542907714844,67.07364654541016,67.83914947509766,1807961.0,
2019-07-17,52.750885009765625,67.75193786621094,68.31394958496094,67.31588745117188,67.96511840820312,1107646.0,
2019-07-18,52.88666534423828,67.92635345458984,68.1686019897461,67.1124038696289,67.56782531738281,1085045.0,
2019-07-19,51.86062240600586,66.60852813720703,68.05232238769531,66.56977081298828,67.96511840820312,1393716.0,
2019-07-20,51.800270080566406,66.53100840250652,67.66795603434245,66.3985824584961,67.53876241048177,1356323.3333333333,
2019-07-21,51.73991775512695,66.45348866780598,67.28358968098958,66.2273941040039,67.11240641276042,1318930.6666666667,
2019-07-22,51.6795654296875,66.37596893310547,66.89922332763672,66.05620574951172,66.68605041503906,1281538.0,
2019-07-23,52.509456634521484,67.44185638427734,67.46124267578125,66.21124267578125,66.43411254882812,1141289.0,
2019-07-24,52.28312301635742,67.15116119384766,67.65503692626953,66.99612426757812,67.53875732421875,1058316.0,
2019-07-25,51.96625518798828,66.74418640136719,67.24806213378906,66.18217468261719,67.16085052490234,1660901.0,
2019-07-26,52.46418380737305,67.38372039794922,67.41278839111328,66.61821746826172,66.8410873413086,1227254.0,
2019-07-27,52.62513224283854,67.59043884277344,67.6937967936198,66.87984466552734,67.09948476155598,1572011.0,
2019-07-28,52.78608067830404,67.79715728759766,67.9748051961263,67.14147186279297,67.35788218180339,1916768.0,
2019-07-29,52.94702911376953,68.00387573242188,68.25581359863281,67.4030990600586,67.61627960205078,2261525.0,
2019-07-30,52.82633972167969,67.84883880615234,68.69185638427734,67.31588745117188,68.00387573242188,1411260.0,
2019-07-31,52.38505172729492,67.06394958496094,67.90697479248047,66.85077667236328,67.5969009399414,2832840.0,
2019-08-01,52.733211517333984,67.50968933105469,67.79069519042969,66.66666412353516,67.1124038696289,1649652.0,
2019-08-02,53.020835876464844,67.8779067993164,68.3624038696289,67.14147186279297,67.44185638427734,1753368.0,
2019-08-03,52.745827992757164,67.52584075927734,68.40762329101562,66.81201426188152,67.61304728190105,1870087.3333333333,
2019-08-04,52.47082010904948,67.17377471923828,68.45284271240234,66.48255666097005,67.78423817952473,1986806.6666666667,
2019-08-05,52.1958122253418,66.82170867919922,68.49806213378906,66.1530990600586,67.95542907714844,2103526.0,"Realty Income Q2 FFO EPS $0.82, GAAP EPS $(0.97) vs $(1.11) In Same Qtr. Last Year, Sales $365.45M Beat $358.85M Estimate"
2019-08-06,52.884586334228516,67.7034912109375,68.0910873413086,66.26937866210938,66.26937866210938,1790314.0,"Realty Income Misses Wells Fargo's Q2 FFO Estimate, But Analyst Remains Bullish"
2019-08-07,53.982112884521484,69.10852813720703,69.69961547851562,67.56782531738281,67.65503692626953,2520041.0,
2019-08-08,54.489227294921875,69.75775146484375,69.95155334472656,68.32364654541016,69.00193786621094,1840675.0,
2019-08-09,55.01149368286133,70.42635345458984,70.49418640136719,69.4089126586914,69.6899185180664,1413014.0,
2019-08-10,55.026625315348305,70.44573465983073,70.6136957804362,69.59948221842448,69.91601816813152,1436991.0,
2019-08-11,55.04175694783529,70.46511586507161,70.7332051595052,69.79005177815755,70.14211781819661,1460968.0,
2019-08-12,55.056888580322266,70.4844970703125,70.85271453857422,69.98062133789062,70.36821746826172,1484945.0,
2019-08-13,54.70872497558594,70.03875732421875,70.77519226074219,69.56394958496094,70.55232238769531,1185252.0,
2019-08-14,54.32272720336914,69.54457092285156,70.21318054199219,69.30232238769531,70.07752227783203,1429836.0,
2019-08-15,54.65572738647461,69.97093200683594,70.31977081298828,69.39922332763672,69.6124038696289,1088347.0,
2019-08-16,55.10990905761719,70.55232238769531,70.77519226074219,69.39922332763672,70.15503692626953,1346657.0,
2019-08-17,55.25623321533203,70.73966217041016,70.92054239908855,69.65762074788411,70.2906977335612,1190033.6666666667,
2019-08-18,55.402557373046875,70.927001953125,71.06589253743489,69.91601816813152,70.42635854085286,1033410.3333333334,
2019-08-19,55.54888153076172,71.11434173583984,71.21124267578125,70.1744155883789,70.56201934814453,876787.0,
2019-08-20,54.890377044677734,70.27131652832031,71.44379425048828,70.23255920410156,71.33721160888672,956251.0,
2019-08-21,54.988773345947266,70.39728546142578,70.5813980102539,69.86434173583984,70.50387573242188,764918.0,
2019-08-22,55.306663513183594,70.80426025390625,70.99806213378906,70.11627960205078,70.25193786621094,910843.0,
2019-08-23,54.875247955322266,70.25193786621094,71.54069519042969,70.02906799316406,70.74612426757812,1300526.0,
2019-08-24,55.04681269327799,70.47157541910808,71.36627705891927,70.09689839680989,70.71705373128255,1273178.0,
2019-08-25,55.218377431233726,70.6912129720052,71.19185892740886,70.16472880045573,70.68798319498698,1245830.0,
2019-08-26,55.38994216918945,70.91085052490234,71.01744079589844,70.23255920410156,70.6589126586914,1218482.0,
2019-08-27,55.35207748413086,70.8624038696289,71.87015533447266,70.8624038696289,71.26937866210938,2385778.0,"Benzinga's Top Upgrades, Downgrades For August 27, 2019 | Deutsche Bank Initiates Coverage On Realty Income with Hold Rating"
2019-08-28,55.54888153076172,71.11434173583984,71.28875732421875,70.7655029296875,70.968994140625,1169462.0,
2019-08-29,55.95759582519531,71.6375961303711,71.71511840820312,70.97868347167969,71.3469009399414,972041.0,
2019-08-30,56.0388298034668,71.52131652832031,71.74418640136719,71.22093200683594,71.57946014404297,863990.0,
2019-08-31,56.35201930999756,71.9210262298584,72.09544563293457,71.27422714233398,71.55039024353027,1079936.0,
2019-09-01,56.66520881652832,72.32073593139648,72.44670486450195,71.32752227783203,71.52132034301758,1295882.0,
2019-09-02,56.97839832305908,72.72044563293457,72.79796409606934,71.38081741333008,71.49225044250488,1511828.0,
2019-09-03,57.291587829589844,73.12015533447266,73.14922332763672,71.43411254882812,71.46318054199219,1727774.0,Realty Income Corporation To Acquire 454 Single-Tenant Properties From CIM Real Estate Trust For ~$1.25B In Cash
2019-09-04,58.0736083984375,74.11821746826172,74.35077667236328,73.34302520751953,73.49806213378906,2128190.0,"Stifel Nicolaus Maintains Buy on Realty Income, Raises Price Target to $80"
2019-09-05,56.942344665527344,72.6744155883789,73.59496307373047,72.55814361572266,73.45930480957031,2346149.0,
2019-09-06,57.663597106933594,73.59496307373047,73.77906799316406,72.75193786621094,72.82946014404297,1730767.0,
2019-09-07,57.48645146687826,73.36886342366536,73.70154825846355,72.75516764322917,73.01033782958984,1633484.0,
2019-09-08,57.309305826822914,73.14276377360027,73.62402852376302,72.75839742024739,73.19121551513672,1536201.0,
2019-09-09,57.13216018676758,72.91666412353516,73.5465087890625,72.76162719726562,73.3720932006836,1438918.0,
2019-09-10,55.955345153808594,71.41472625732422,72.71318054199219,70.84302520751953,72.45155334472656,2119831.0,
2019-09-11,55.89461135864258,71.33721160888672,71.85077667236328,70.68798065185547,71.17247772216797,2236447.0,
2019-09-12,56.55513381958008,72.18022918701172,72.5969009399414,71.60852813720703,72.05426025390625,1639538.0,
2019-09-13,55.14296340942383,70.3779067993164,72.43217468261719,70.14534759521484,71.68605041503906,1976280.0,
2019-09-14,55.48208745320638,70.81072235107422,72.18992614746094,70.25839742024739,71.28553263346355,1777241.6666666667,
2019-09-15,55.82121149698893,71.24353790283203,71.94767761230469,70.37144724527995,70.88501485188802,1578203.3333333335,
2019-09-16,56.160335540771484,71.67635345458984,71.70542907714844,70.4844970703125,70.4844970703125,1379165.0,
2019-09-17,57.52693176269531,73.42053985595703,73.4399185180664,72.07364654541016,72.09302520751953,1871635.0,"Morgan Stanley Maintains Equal-Weight on Realty Income, Raises Price Target to $75"
2019-09-18,57.223243713378906,73.03294372558594,73.80814361572266,72.46124267578125,73.71124267578125,1350785.0,
2019-09-19,57.413047790527344,73.27519226074219,73.66278839111328,73.11046600341797,73.25581359863281,1342013.0,
2019-09-20,57.61806869506836,73.53681945800781,73.87596893310547,73.07170867919922,73.49806213378906,3509832.0,
2019-09-21,57.65602493286133,73.58527119954427,73.9664077758789,73.22997538248698,73.5142110188802,2784508.0,
2019-09-22,57.6939811706543,73.63372294108073,74.05684661865234,73.38824208577473,73.53035990397136,2059184.0,
2019-09-23,57.731937408447266,73.68217468261719,74.14728546142578,73.5465087890625,73.5465087890625,1333860.0,
2019-09-24,57.77747344970703,73.74031066894531,74.10852813720703,73.03294372558594,73.81782531738281,2395066.0,
2019-09-25,57.80024719238281,73.76937866210938,74.31201934814453,73.3720932006836,73.75968933105469,1700014.0,
2019-09-26,58.67338943481445,74.88372039794922,75.06782531738281,73.88565826416016,74.031005859375,1246759.0,
2019-09-27,58.559505462646484,74.73837280273438,75.1065902709961,74.1279067993164,74.9030990600586,1190412.0,
2019-09-28,58.502899169921875,74.59302266438802,74.99677022298177,74.11821746826172,74.72868092854817,1292580.0,
2019-09-29,58.446292877197266,74.44767252604167,74.88695017496745,74.10852813720703,74.55426279703777,1394748.0,
2019-09-30,58.389686584472656,74.30232238769531,74.77713012695312,74.09883880615234,74.37984466552734,1496916.0,
2019-10-01,58.51155471801758,74.45736694335938,74.65116119384766,73.34302520751953,74.25387573242188,1258730.0,
2019-10-02,58.427772521972656,74.35077667236328,74.75775146484375,73.83721160888672,74.37984466552734,1131382.0,
2019-10-03,59.25014114379883,75.39728546142578,75.5910873413086,74.20542907714844,74.30232238769531,1990934.0,Stocks That Hit 52-Week Highs On Thursday
2019-10-04,59.7070426940918,75.97868347167969,76.02713012695312,75.26162719726562,75.42635345458984,1497019.0,Stocks That Hit 52-Week Highs On Friday
2019-10-05,59.557281494140625,75.78811391194661,75.97868092854817,75.26808675130208,75.47157541910808,1411432.0,
2019-10-06,59.40752029418945,75.59754435221355,75.93023173014323,75.27454630533855,75.5167973836263,1325845.0,
2019-10-07,59.25775909423828,75.40697479248047,75.88178253173828,75.281005859375,75.56201934814453,1240258.0,
2019-10-08,59.333919525146484,75.50387573242188,75.99806213378906,75.0,75.70736694335938,1172558.0,
2019-10-09,59.61566162109375,75.8624038696289,76.26937866210938,75.51356506347656,75.92053985595703,1091030.0,Stocks That Hit 52-Week Highs On Wednesday
2019-10-10,59.95071029663086,76.28875732421875,76.52131652832031,75.64922332763672,76.1530990600586,1690313.0,"Benzinga's Top Upgrades, Downgrades For October 10, 2019 | Jefferies Initiates Coverage On Realty Income with Buy Rating, Announces $99 Price Target"
2019-10-11,59.31106185913086,75.47480773925781,76.1434097290039,75.42635345458984,76.09496307373047,1330145.0,
2019-10-12,59.33137639363607,75.50064595540364,75.9819107055664,75.34883371988933,75.92377471923828,1338401.0,
2019-10-13,59.351690928141274,75.52648417154948,75.8204116821289,75.2713139851888,75.7525863647461,1346657.0,
2019-10-14,59.372005462646484,75.55232238769531,75.6589126586914,75.19379425048828,75.5813980102539,1354913.0,
2019-10-15,59.455718994140625,75.6589126586914,75.72674560546875,74.87403106689453,75.62984466552734,1204550.0,
2019-10-16,59.8516960144043,76.16278839111328,76.19185638427734,75.0969009399414,75.5813980102539,1094539.0,Realty Income Announces 592nd Consecutive Common Stock Monthly Dividend
2019-10-17,59.84408187866211,76.1530990600586,76.59883880615234,76.08527374267578,76.08527374267578,1261517.0,Stocks That Hit 52-Week Highs On Thursday
2019-10-18,60.514183044433594,77.00581359863281,77.10271453857422,76.01744079589844,76.17247772216797,1260691.0,
2019-10-19,60.63602956136068,77.16085306803386,77.23191324869792,76.25322977701823,76.41149648030598,1178750.3333333333,
2019-10-20,60.75787607828776,77.31589253743489,77.36111195882161,76.48901875813802,76.65051523844402,1096809.6666666667,
2019-10-21,60.879722595214844,77.47093200683594,77.49031066894531,76.72480773925781,76.88953399658203,1014869.0,Stocks That Hit 52-Week Highs On Monday
2019-10-22,60.704551696777344,77.24806213378906,77.97480773925781,76.9186019897461,77.51937866210938,1069978.0,
2019-10-23,61.14620590209961,77.8100814819336,77.84883880615234,77.10271453857422,77.51937866210938,1063889.0,
2019-10-24,61.56501388549805,78.34302520751953,78.39147186279297,77.43217468261719,77.8100814819336,2429018.0,
2019-10-25,61.587867736816406,78.3720932006836,78.62403106689453,77.8100814819336,78.34302520751953,1887631.0,Stocks That Hit 52-Week Highs On Friday
2019-10-26,61.587867736816406,78.3720932006836,78.56266021728516,77.77455139160156,78.2525863647461,2051581.3333333333,
2019-10-27,61.587867736816406,78.3720932006836,78.50128936767578,77.73902130126953,78.16214752197266,2215531.6666666665,
2019-10-28,61.587867736816406,78.3720932006836,78.4399185180664,77.7034912109375,78.07170867919922,2379482.0,11 Stocks With The Highest Gross Margins
2019-10-29,61.56501388549805,78.34302520751953,79.17635345458984,78.19767761230469,78.44961547851562,1556359.0,Stocks That Hit 52-Week Highs On Tuesday
2019-10-30,62.39503479003906,79.39922332763672,79.42829132080078,78.42053985595703,78.63372039794922,1220650.0,
2019-10-31,62.45382308959961,79.25387573242188,79.6220932006836,78.71124267578125,79.29263305664062,3267415.0,
2019-11-01,61.911685943603516,78.56588745117188,79.4186019897461,77.71318054199219,79.16666412353516,2162866.0,
2019-11-02,61.677528381347656,78.26873016357422,79.12467447916667,77.44186147054036,78.90503692626953,2513126.6666666665,
2019-11-03,61.4433708190918,77.97157287597656,78.83074696858723,77.17054239908855,78.6434097290039,2863387.333333333,
2019-11-04,61.20921325683594,77.6744155883789,78.53681945800781,76.89922332763672,78.38178253173828,3213648.0,"Realty Income Q3 FFO $0.83 Up From $0.81 YoY, Sales $374.2M Miss $374.86M Estimate"
2019-11-05,59.73545837402344,75.80426025390625,77.07364654541016,74.80620574951172,77.03488159179688,3407458.0,
2019-11-06,60.17072296142578,76.3565902709961,76.72480773925781,75.77519226074219,76.0465087890625,1929221.0,
2019-11-07,59.23149108886719,75.16472625732422,76.20155334472656,74.47674560546875,76.0755844116211,2484127.0,
2019-11-08,58.27702331542969,73.9534912109375,75.18411254882812,73.8469009399414,75.08721160888672,2018592.0,
2019-11-09,58.338113149007164,74.03101094563802,74.97093200683594,73.90826924641927,74.7512944539388,1938405.6666666667,
2019-11-10,58.39920298258463,74.10853068033855,74.75775146484375,73.96963755289714,74.41537729899089,1858219.3333333333,
2019-11-11,58.46029281616211,74.18605041503906,74.54457092285156,74.031005859375,74.07946014404297,1778033.0,
2019-11-12,57.84941101074219,73.41085052490234,74.68022918701172,73.28488159179688,74.29263305664062,2136859.0,
2019-11-13,58.65877914428711,74.43798065185547,74.87403106689453,73.41085052490234,73.55620574951172,2355540.0,
2019-11-14,58.979515075683594,74.84496307373047,75.12596893310547,74.52519226074219,74.77713012695312,1415801.0,
2019-11-15,59.14750289916992,75.05814361572266,75.14534759521484,74.69961547851562,74.94185638427734,1894855.0,
2019-11-16,59.35367329915365,75.31977081298828,75.66214497884114,74.8255844116211,74.9903081258138,1866268.6666666667,
2019-11-17,59.55984369913737,75.5813980102539,76.17894236246745,74.95155334472656,75.03875986735027,1837682.3333333333,
2019-11-18,59.766014099121094,75.84302520751953,76.69573974609375,75.07752227783203,75.08721160888672,1809096.0,
2019-11-19,59.39948654174805,75.3779067993164,75.97868347167969,75.281005859375,75.70736694335938,1704864.0,
2019-11-20,59.552207946777344,75.57170867919922,75.9399185180664,74.8934097290039,75.3779067993164,1330558.0,
2019-11-21,58.414459228515625,74.1279067993164,75.30038452148438,74.08914947509766,75.24224853515625,1798879.0,
2019-11-22,58.200660705566406,73.8565902709961,74.50581359863281,73.35271453857422,74.20542907714844,1307750.0,
2019-11-23,58.22101720174154,73.88243103027344,74.55103302001953,73.5335922241211,74.16020965576172,1392615.0,
2019-11-24,58.241373697916664,73.90827178955078,74.59625244140625,73.71446990966797,74.114990234375,1477480.0,
2019-11-25,58.2617301940918,73.93411254882812,74.64147186279297,73.89534759521484,74.06977081298828,1562345.0,
2019-11-26,58.5900764465332,74.35077667236328,74.6124038696289,73.96318054199219,74.17635345458984,2999714.0,
2019-11-27,59.3231086730957,75.281005859375,75.281005859375,74.031005859375,74.37015533447266,2619422.0,
2019-11-28,59.00414848327637,74.76744079589844,75.37306213378906,74.1279067993164,74.71414947509766,1978860.0,
2019-11-29,58.68518829345703,74.25387573242188,75.46511840820312,74.22480773925781,75.05814361572266,1338298.0,
2019-11-30,58.394177754720054,73.88565826416016,75.04845174153645,73.79522196451823,74.71576436360677,1535238.0,
2019-12-01,58.10316721598307,73.51744079589844,74.6317850748698,73.36563618977864,74.37338511149089,1732178.0,
2019-12-02,57.812156677246094,73.14922332763672,74.21511840820312,72.93605041503906,74.031005859375,1929118.0,
2019-12-03,57.74324035644531,73.06201934814453,73.76937866210938,72.77131652832031,73.3624038696289,2254920.0,
2019-12-04,58.15678405761719,73.58527374267578,73.80814361572266,72.69379425048828,72.73255920410156,1676587.0,
2019-12-05,57.95765686035156,73.33333587646484,73.44961547851562,72.8875961303711,73.25581359863281,1430042.0,
2019-12-06,58.15678405761719,73.58527374267578,73.97286987304688,73.28488159179688,73.28488159179688,1387834.0,
2019-12-07,58.10827763875326,73.5239028930664,73.91472880045573,73.26873270670573,73.45606994628906,1307166.0,
2019-12-08,58.05977121988932,73.46253204345703,73.85658772786458,73.25258382161458,73.62725830078125,1226498.0,
2019-12-09,58.01126480102539,73.40116119384766,73.79844665527344,73.23643493652344,73.79844665527344,1145830.0,
2019-12-10,57.9040641784668,73.2655029296875,73.72093200683594,72.6065902709961,73.41085052490234,1254086.0,
2019-12-11,57.1152458190918,72.26744079589844,73.59496307373047,71.95736694335938,73.53681945800781,1726846.0,
2019-12-12,56.01244354248047,70.8720932006836,72.781005859375,70.69767761230469,72.5969009399414,3975780.0,"Benzinga's Top Upgrades, Downgrades For December 12, 2019 | Citigroup Upgrades Realty Income to Buy"
2019-12-13,55.5223274230957,70.25193786621094,71.60852813720703,69.8934097290039,71.09496307373047,4520779.0,"Benzinga's Top Upgrades, Downgrades For December 13, 2019"
2019-12-14,55.66017532348633,70.42635599772136,71.38242848714192,69.82234954833984,70.91408284505208,4137597.3333333335,
2019-12-15,55.79802322387695,70.60077412923177,71.15632883707683,69.75128936767578,70.7332026163737,3754415.666666667,
2019-12-16,55.93587112426758,70.77519226074219,70.93022918701172,69.68022918701172,70.55232238769531,3371234.0,
2019-12-17,54.932655334472656,69.50581359863281,71.23062133789062,69.22480773925781,70.98837280273438,2597854.0,
2019-12-18,55.193031311035156,69.83527374267578,70.3100814819336,69.4089126586914,69.46705627441406,1899499.0,
2019-12-19,55.40743637084961,70.1065902709961,70.52325439453125,69.8255844116211,69.85465240478516,1748002.0,
2019-12-20,55.5223274230957,70.25193786621094,70.6686019897461,69.87403106689453,70.3100814819336,4805921.0,
2019-12-21,55.38192621866862,70.0742899576823,70.67183176676433,69.78682200113933,70.34883880615234,3613238.666666667,
2019-12-22,55.24152501424154,69.89664204915364,70.67506154378255,69.69961293538411,70.3875961303711,2420556.3333333335,
2019-12-23,55.10112380981445,69.718994140625,70.67829132080078,69.6124038696289,70.42635345458984,1227874.0,
2019-12-24,55.41514205932617,70.11627960205078,70.33914947509766,69.57364654541016,69.80620574951172,641594.0,
2019-12-25,55.59892463684082,70.34883880615234,70.46511840820312,69.84980773925781,70.0145378112793,861307.0,
2019-12-26,55.78270721435547,70.5813980102539,70.5910873413086,70.12596893310547,70.22286987304688,1081020.0,
2019-12-27,56.09670639038086,70.97868347167969,71.11434173583984,70.31977081298828,70.73643493652344,1120649.0,
2019-12-28,56.09670639038086,70.97868347167969,71.16602071126302,70.44896952311198,70.72997538248698,1263409.0,
2019-12-29,56.09670639038086,70.97868347167969,71.2176996866862,70.57816823323567,70.72351582845052,1406169.0,
2019-12-30,56.09670639038086,70.97868347167969,71.26937866210938,70.70736694335938,70.71705627441406,1548929.0,
2019-12-31,56.56378173828125,71.3469009399414,71.36627960205078,70.61046600341797,70.70736694335938,1433551.0,
2020-01-01,56.12205123901367,70.78973007202148,71.53585433959961,70.1550407409668,71.13372421264648,1747537.0,
2020-01-02,55.680320739746094,70.23255920410156,71.70542907714844,69.69961547851562,71.5600814819336,2061523.0,
2020-01-03,56.68670654296875,71.50193786621094,71.60852813720703,69.87403106689453,69.95155334472656,1826227.0,
2020-01-04,56.78144963582357,71.62144724527995,71.7894058227539,70.26485697428386,70.42312876383464,1658836.6666666667,
2020-01-05,56.87619272867838,71.74095662434895,71.97028350830078,70.65568288167317,70.8947041829427,1491446.3333333335,
2020-01-06,56.9709358215332,71.86046600341797,72.15116119384766,71.0465087890625,71.36627960205078,1324056.0,
2020-01-07,56.986289978027344,71.87984466552734,72.38372039794922,71.06588745117188,72.38372039794922,1610436.0,"Raymond James Upgrades Realty Income to Outperform, Announces $79 Price Target"
2020-01-08,57.24748992919922,72.20930480957031,72.3255844116211,71.6279067993164,71.97674560546875,1912812.0,
2020-01-09,56.27185821533203,70.97868347167969,72.22868347167969,70.91085052490234,72.1124038696289,2061936.0,
2020-01-10,56.648284912109375,71.4534912109375,71.68605041503906,70.89147186279297,71.00775146484375,2507141.0,
2020-01-11,56.96068827311198,71.84754689534505,72.0251973470052,71.10142008463542,71.21124013264973,2226230.6666666665,
2020-01-12,57.273091634114586,72.24160257975261,72.36434427897136,71.31136830647786,71.41472880045573,1945320.3333333335,
2020-01-13,57.58549499511719,72.63565826416016,72.7034912109375,71.52131652832031,71.61821746826172,1664410.0,
2020-01-14,57.58549499511719,72.63565826416016,72.66472625732422,71.89922332763672,72.43217468261719,1566576.0,
2020-01-15,58.36906814575195,73.62403106689453,73.97286987304688,73.20736694335938,73.32364654541016,2023236.0,"Benzinga's Top Upgrades, Downgrades For January 15, 2020 | Mizuho Upgrades Realty Income to Buy, Announces $84 Price Target"
2020-01-16,58.49966812133789,73.78875732421875,74.15697479248047,73.3720932006836,73.6434097290039,1510126.0,
2020-01-17,58.65332794189453,73.98255920410156,74.37015533447266,73.5465087890625,73.78875732421875,1820448.0,
2020-01-18,58.916441917419434,74.31443977355957,74.66327476501465,73.65552139282227,73.83963012695312,1839901.25,
2020-01-19,59.179555892944336,74.64632034301758,74.95639419555664,73.76453399658203,73.8905029296875,1859354.5,
2020-01-20,59.44266986846924,74.97820091247559,75.24951362609863,73.8735466003418,73.94137573242188,1878807.75,
2020-01-21,59.70578384399414,75.3100814819336,75.54263305664062,73.98255920410156,73.99224853515625,1898261.0,
2020-01-22,59.06816864013672,74.50581359863281,75.74612426757812,74.21511840820312,75.47480773925781,1269154.0,
2020-01-23,59.3370475769043,74.84496307373047,75.18411254882812,74.29263305664062,74.70930480957031,1147584.0,
2020-01-24,59.252532958984375,74.73837280273438,75.41666412353516,74.56394958496094,74.87403106689453,1033961.0,
2020-01-25,59.32167180379232,74.82558186848958,75.4425048828125,74.49935150146484,74.75452168782552,1306030.6666666665,
2020-01-26,59.39081064860026,74.9127909342448,75.46834564208984,74.43475341796875,74.63501230875652,1578100.3333333333,
2020-01-27,59.4599494934082,75.0,75.49418640136719,74.37015533447266,74.5155029296875,1850170.0,
2020-01-28,60.02074432373047,75.70736694335938,76.21124267578125,75.44573974609375,75.52325439453125,3353587.0,
2020-01-29,60.0284538269043,75.71705627441406,76.22093200683594,75.51356506347656,75.77519226074219,2594035.0,
2020-01-30,60.67372512817383,76.531005859375,76.5600814819336,75.35852813720703,75.61046600341797,2756575.0,
2020-01-31,60.41408920288086,75.97868347167969,76.69573974609375,75.32946014404297,76.41472625732422,6917909.0,
2020-02-01,60.360145568847656,75.91085306803386,76.63759867350261,75.42635854085286,76.2822977701823,5327493.666666667,
2020-02-02,60.30620193481445,75.84302266438802,76.57945760091145,75.52325693766277,76.14986928304036,3737078.3333333335,
2020-02-03,60.25225830078125,75.77519226074219,76.52131652832031,75.62015533447266,76.01744079589844,2146663.0,
2020-02-04,60.34474182128906,75.89147186279297,76.49224853515625,75.5813980102539,75.6589126586914,1291754.0,
2020-02-05,60.48340606689453,76.06588745117188,76.30814361572266,75.0,75.46511840820312,1843874.0,
2020-02-06,60.98424530029297,76.69573974609375,76.92829132080078,76.16278839111328,76.18217468261719,1047686.0,
2020-02-07,61.26160430908203,77.04457092285156,77.3255844116211,76.7344970703125,76.97674560546875,1204034.0,
2020-02-08,61.40800476074219,77.22868092854817,77.43863169352214,76.87984466552734,77.15762329101562,1270907.6666666667,
2020-02-09,61.554405212402344,77.4127909342448,77.55167897542317,77.02519226074219,77.3385009765625,1337781.3333333333,
2020-02-10,61.7008056640625,77.5969009399414,77.66472625732422,77.17053985595703,77.51937866210938,1404655.0,
2020-02-11,60.622127532958984,76.24031066894531,77.85852813720703,76.06588745117188,77.52906799316406,1728600.0,
2020-02-12,60.32160186767578,75.8624038696289,76.43411254882812,75.5813980102539,75.97868347167969,2005073.0,
2020-02-13,60.70685577392578,76.3469009399414,76.82170867919922,75.99806213378906,75.99806213378906,1382674.0,
2020-02-14,61.83177947998047,77.76162719726562,77.76162719726562,76.36627960205078,76.44379425048828,1694131.0,
2020-02-15,61.860671043395996,77.79796409606934,77.83430099487305,76.60126113891602,76.83381462097168,1608371.75,
2020-02-16,61.88956260681152,77.83430099487305,77.90697479248047,76.83624267578125,77.22383499145508,1522612.5,
2020-02-17,61.91845417022705,77.87063789367676,77.97964859008789,77.07122421264648,77.61385536193848,1436853.25,
2020-02-18,61.94734573364258,77.90697479248047,78.05232238769531,77.30620574951172,78.00387573242188,1351094.0,
2020-02-19,61.384910583496094,77.19961547851562,77.8779067993164,76.94767761230469,77.85852813720703,1294438.0,"Realty Income Q4 EPS $0.39 Beats $0.34 Estimate, Sales $397.5M Beat $388.01M Estimate"
2020-02-20,63.11080551147461,79.37015533447266,82.28681945800781,77.8875961303711,81.67635345458984,3349769.0,Stocks That Hit 52-Week Highs On Thursday | Realty Income shares are trading higher after the company reported better-than-expected Q4 EPs and sales results.
2020-02-21,63.51915740966797,79.88372039794922,79.94185638427734,79.00193786621094,79.29263305664062,2293620.0,
2020-02-22,63.449808756510414,79.79651133219402,80.23255411783855,79.15374755859375,79.3863042195638,2514674.3333333335,
2020-02-23,63.38046010335287,79.7093022664388,80.52325185139973,79.30555725097656,79.47997538248698,2735728.6666666665,
2020-02-24,63.31111145019531,79.6220932006836,80.81394958496094,79.45736694335938,79.57364654541016,2956783.0,
2020-02-25,62.34800720214844,78.41085052490234,79.72868347167969,77.97480773925781,79.718994140625,4024387.0,
2020-02-26,61.45423889160156,77.28681945800781,79.20542907714844,76.97674560546875,78.50775146484375,5457938.0,Realty Income Reports Commencement Of 9M Share Common Stock Offering
2020-02-27,56.160980224609375,70.62984466552734,73.43022918701172,70.62984466552734,71.99612426757812,12251491.0,100 Stocks Moving In Thursday's Mid-Day Session | Realty Income shares are trading lower after the company announced a common stock offering of 9 million shares at $77.40 per share. | Realty Income Announces Pricing Of 9M Share Common Stock Offering At $77.40/Share | 40 Stocks Moving in Thursday's Pre-Market Session
2020-02-28,55.9546012878418,70.14534759521484,70.33914947509766,67.22868347167969,69.24418640136719,7241131.0,140 Biggest Movers From Yesterday | Edward Jones Upgrades Realty Income to Buy
2020-02-29,56.62449518839518,70.98514048258464,71.13695271809895,67.96511586507161,69.73837280273438,6379411.0,
2020-03-01,57.29438908894857,71.82493336995442,71.93475596110027,68.70154825846355,70.23255920410156,5517691.0,
2020-03-02,57.96428298950195,72.66472625732422,72.73255920410156,69.43798065185547,70.72674560546875,4655971.0,15 Stocks Moving In Monday's After-Hours Session | Realty Income shares are trading lower after the company announced the closing of a 9 million share common stock offering. | Realty Income Closes 9.0 Million Share Common Stock Offering
2020-03-03,57.6628532409668,72.28681945800781,74.19573974609375,71.66666412353516,72.77131652832031,3625416.0,
2020-03-04,60.40686798095703,75.72674560546875,75.90116119384766,73.42053985595703,73.70155334472656,3725933.0,Shares of several real estate companies are trading higher after Joe Biden took the delegate lead on Super Tuesday. Biden's more 'moderate' economic policies have been seen as more favorable for growth.
2020-03-05,60.00490188598633,75.22286987304688,75.5813980102539,74.07946014404297,74.66085052490234,2358946.0,
2020-03-06,59.24739456176758,74.27325439453125,74.5155029296875,71.89922332763672,73.6530990600586,2948734.0,
2020-03-07,58.389397939046226,73.19767252604167,73.88565826416016,70.86563110351562,72.13501230875652,3298582.0,
2020-03-08,57.53140131632487,72.12209065755208,73.25581359863281,69.83203887939453,70.61692555745442,3648430.0,
2020-03-09,56.673404693603516,71.0465087890625,72.62596893310547,68.79844665527344,69.09883880615234,3998278.0,"Shares of several real estate companies are trading lower as US equities crash amid coronavirus fears and OPEC failing to reach a production agreement. | JP Morgan Maintains Neutral on Realty Income, Raises Price Target to $79"
2020-03-10,59.20104217529297,74.21511840820312,74.30232238769531,70.44573974609375,72.47093200683594,3844303.0,"Occidental Petroleum Shares Resume Trade, Up ~3.5%"
2020-03-11,56.858970642089844,71.27906799316406,72.9844970703125,70.01937866210938,72.77131652832031,3778668.0,
2020-03-12,52.3603515625,65.63953399658203,71.33721160888672,64.01162719726562,66.40503692626953,5076924.0,Stocks That Hit 52-Week Lows On Thursday
2020-03-13,55.5912971496582,69.6899185180664,69.87403106689453,65.64922332763672,67.66472625732422,5375172.0,
2020-03-14,50.97157541910807,63.89857610066732,68.06201426188152,61.188629150390625,65.7170524597168,5702625.666666667,
2020-03-15,46.351853688557945,58.107233683268234,66.24999745686848,56.72803497314453,63.769378662109375,6030079.333333333,
2020-03-16,41.73213195800781,52.31589126586914,64.43798065185547,52.26744079589844,61.82170486450195,6357533.0,Shares of several real estate companies are trading lower amid a decline in property transactions after the coronavirus outbreak heavily impacted the sector.
2020-03-17,42.60557556152344,53.41085433959961,54.38953399658203,50.19379806518555,54.26356506347656,6247625.0,
2020-03-18,32.85082244873047,41.18217086791992,50.85271453857422,38.75968933105469,50.36821746826172,6615946.0,Realty Income Increases Quarterly Dividend From $0.2325 To $0.233/Share
2020-03-19,37.163936614990234,46.58914566040039,47.6550407409668,36.82170486450195,41.42441940307617,5823679.0,Stocks That Hit 52-Week Lows On Thursday
2020-03-20,36.65378189086914,45.94961166381836,50.930233001708984,45.4360466003418,48.51744079589844,5075582.0,
2020-03-21,35.602559407552086,44.63178253173828,48.98578770955404,43.33656311035156,47.37725957234701,5222539.0,
2020-03-22,34.551336924235024,43.3139533996582,47.041342417399086,41.23707962036133,46.23707834879557,5369496.0,
2020-03-23,33.50011444091797,41.996124267578125,45.09689712524414,39.137596130371094,45.09689712524414,5516453.0,
2020-03-24,39.16591262817383,49.098838806152344,49.27325439453125,43.788761138916016,44.593021392822266,4729450.0,
2020-03-25,42.126346588134766,52.81007766723633,57.6550407409668,48.769378662109375,50.377906799316406,5572697.0,"Realty Income shares are trading higher after Deutsche Bank upgraded the stock from Hold to Buy. | Deutsche Bank Upgrades Realty Income to Buy, Lowers Price Target to $66"
2020-03-26,45.10995864868164,56.55038833618164,56.812015533447266,52.5484504699707,54.82558059692383,4619026.0,Shares of several real estate companies are trading higher amid economic optimism after the US Senate passed a $2 trillion stimulus package.
2020-03-27,43.9814567565918,55.135658264160156,58.2655029296875,53.43992233276367,53.99224853515625,8143822.0,
2020-03-28,43.01009623209635,53.91795857747396,57.454779307047524,52.180233001708984,54.415374755859375,7515299.333333333,
2020-03-29,42.038735707600914,52.70025889078776,56.644055684407554,50.9205436706543,54.8385009765625,6886776.666666667,
2020-03-30,41.06737518310547,51.48255920410156,55.83333206176758,49.66085433959961,55.261627197265625,6258254.0,Shares of several real estate companies are trading lower despite market strength. Not currently seeing sector-specific news from the session. NOTE: The coronavirus has hampered macro outlook and negatively impacted several sectors.
2020-03-31,38.70956039428711,48.3139533996582,51.15310287475586,47.354652404785156,50.804264068603516,6358152.0,Shares of several real estate companies are trading lower despite market strength. NOTE: The lending industry has been negatively impacted by macro disruption amid coronavirus outbreak.
2020-04-01,36.07767105102539,45.02907180786133,46.24031066894531,43.63372039794922,45.65891647338867,4732855.0,Shares of several real estate companies are trading lower amid market weakness as macro concerns continue to grow as a result of the coronavirus pandemic. The lending industry has been negatively impacted by macro disruption amid coronavirus outbreak.
2020-04-02,35.41777038574219,44.20542526245117,45.64922332763672,43.003875732421875,43.84689712524414,4341830.0,"Wells Fargo Maintains Overweight on Realty Income, Lowers Price Target to $55"
2020-04-03,33.849517822265625,42.24806213378906,44.9515495300293,42.0639533996582,43.92441940307617,3923458.0,
2020-04-04,34.68022918701172,43.28488413492838,45.70090357462565,42.900516510009766,44.47028477986654,4174371.3333333335,
2020-04-05,35.51094055175781,44.32170613606771,46.45025761922201,43.73707962036133,45.0161501566569,4425284.666666667,
2020-04-06,36.341651916503906,45.35852813720703,47.19961166381836,44.57364273071289,45.562015533447266,4676198.0,"Shares of several financial services stocks are trading higher with the broader market on optimism that coronavirus cases in several US hotspots appear to be reaching their peak and global oil producers appear to be working toward production cooperation. | Cramer Gives His Opinion Alteryx, Johnson & Johnson And More"
2020-04-07,38.298072814941406,47.80038833618164,50.46511459350586,47.77131652832031,48.17829513549805,5620478.0,"Shares of several real estate companies are trading higher amid optimism that coronavirus cases in Asia are potentially easing. Global slowing cases could raise hopes of a sooner return to spending, economic activity, and investment. | Citigroup Downgrades Realty Income to Neutral, Lowers Price Target to $49"
2020-04-08,41.248260498046875,51.48255920410156,52.19961166381836,47.906978607177734,48.87596893310547,4329137.0,Shares of several real estate companies and REITs are trading higher amid positive market sentiment on speculation that coronavirus cases in some hotspots could soon level off. A sooner recovery could benefit the economy and real estate sector. | Shares of several real estate companies are trading higher amid positive market sentiment on optimism of cases potentially leveling off in some hotspots globally. Global slowing cases could raise hopes of a sooner return to spending and investments.
2020-04-09,44.004364013671875,54.922481536865234,58.84689712524414,53.81782913208008,54.137596130371094,5133581.0,Realty Income Withdraws FY20 Guidance | Shares of several real estate companies are trading higher amid overall market strength after the US Federal Reserve announced a further $2.3 trillion in financing programs to support the economy.
2020-04-10,43.39491939544678,54.16182231903076,57.868215560913086,53.154069900512695,54.31443691253662,4977129.75,
2020-04-11,42.78547477722168,53.40116310119629,56.88953399658203,52.49031066894531,54.49127769470215,4820678.5,
2020-04-12,42.17603015899658,52.640503883361816,55.91085243225098,51.82655143737793,54.668118476867676,4664227.25,
2020-04-13,41.566585540771484,51.879844665527344,54.93217086791992,51.16279220581055,54.8449592590332,4507776.0,Shares of several real estate companies are trading lower amid uncertainty around demand outlook due to the coronavirus. The pandemic has made buying and investing in real estate a challenge.
2020-04-14,43.71712875366211,54.5639533996582,54.651161193847656,52.364341735839844,53.187984466552734,2928403.0,"Shares of several real estate companies are trading higher as markets gain on positive coronavirus outlook. Optimism surrounding the virus has led to hopes of an upcoming return to economic activity, which would benefit the sector."
2020-04-15,39.98280334472656,49.90310287475586,52.91666793823242,49.29263687133789,51.937984466552734,3651835.0,Shares of several real estate companies are trading lower amid market weakness as the coronavirus pandemic continues to take its toll on the economy. The virus has made it more difficult to invest in real estate.
2020-04-16,38.670745849609375,48.2655029296875,50.687984466552734,48.09108352661133,50.387596130371094,3052553.0,
2020-04-17,40.65825271606445,50.746124267578125,51.79263687133789,49.24418640136719,50.64922332763672,3976502.0,"Raymond James Maintains Outperform on Realty Income, Lowers Price Target to $66 | Shares of several real estate companies are trading higher amid optimistic coronavirus outlook following positive drug data from Gilead. This has raised hopes of a sooner return to spending, economic activity, and investments."
2020-04-18,40.27006912231445,50.26162846883138,51.333980560302734,49.10206731160482,50.22932688395182,3445159.666666667,
2020-04-19,39.88188552856445,49.77713267008463,50.87532424926758,48.959948221842446,49.80943044026693,2913817.3333333335,
2020-04-20,39.49370193481445,49.29263687133789,50.41666793823242,48.81782913208008,49.38953399658203,2382475.0,
2020-04-21,38.70180892944336,48.304264068603516,48.972869873046875,47.16085433959961,47.40310287475586,2469886.0,"Shares of several real estate companies are trading lower with the overall market on continued downward momentum after oil prices fell to historic lows, partially stemming from weak demand caused by the coronavirus pandemic."
2020-04-22,38.9580078125,48.62403106689453,49.70930099487305,48.14922332763672,49.47674560546875,2075146.0,
2020-04-23,38.290321350097656,47.79069900512695,49.33139419555664,47.59689712524414,48.93410873413086,2113330.0,
2020-04-24,38.75614547729492,48.372093200683594,48.885658264160156,47.577518463134766,48.062015533447266,2586192.0,
2020-04-25,39.115858713785805,48.821058909098305,49.4024543762207,47.858526865641274,48.275193532307945,2591455.3333333335,
2020-04-26,39.475571950276695,49.27002461751302,49.91925048828125,48.13953526814779,48.48837153116862,2596718.6666666665,
2020-04-27,39.83528518676758,49.718990325927734,50.4360466003418,48.4205436706543,48.7015495300293,2601982.0,
2020-04-28,41.294857025146484,51.54069900512695,52.81007766723633,51.085269927978516,51.98643493652344,2785058.0,
2020-04-29,42.909706115722656,53.55620193481445,54.88372039794922,53.09108352661133,53.17829513549805,3696830.0,
2020-04-30,42.81845474243164,53.2170524597168,53.643409729003906,51.55038833618164,52.335269927978516,4705610.0,
2020-05-01,40.378177642822266,50.18410873413086,51.395347595214844,49.80620193481445,51.211238861083984,2920870.0,Shares of several real estate companies are trading lower on market weakness as investor uncertainty grows following quarterly earnings results from multiple companies.
2020-05-02,40.071511586507164,49.802972157796226,50.90439224243164,49.38307571411133,50.6201540629069,3075085.0,
2020-05-03,39.764845530192055,49.421835581461586,50.41343688964844,48.9599494934082,50.02906926472982,3229300.0,
2020-05-04,39.45817947387695,49.04069900512695,49.922481536865234,48.53682327270508,49.437984466552734,3383515.0,"Realty Income Q1 AFFO $0.880 Up From $0.820 YoY, Sales $414.300M Beat $409.110M Estimate | Morgan Stanley Upgrades Realty Income to Overweight, Announces $60 Price Target"
2020-05-05,40.58088684082031,50.4360466003418,52.238372802734375,50.377906799316406,50.49418640136719,3513650.0,Realty Income shares are trading higher after the company reported Q1 AFFO results up from last year and better-than-expected sales results.
2020-05-06,40.91611862182617,50.85271453857422,51.7344970703125,50.33914566040039,50.60077667236328,3101573.0,
2020-05-07,42.420860290527344,52.722869873046875,52.781009674072266,51.13372039794922,51.64728546142578,2977836.0,"Shares of several real estate companies are trading higher amid continued economic optimism as some US states ease lockdown restrictions. While jobless claims came in worse than estimates, figures were lower than in prior weeks."
2020-05-08,42.77169418334961,53.15891647338867,54.35077667236328,52.41279220581055,53.5949592590332,2546150.0,
2020-05-09,42.55338923136393,52.88759740193685,53.98255920410156,52.04457473754883,53.16860326131185,2521141.3333333335,
2020-05-10,42.33508427937826,52.616278330485024,53.614341735839844,51.67635726928711,52.74224726359049,2496132.6666666665,
2020-05-11,42.11677932739258,52.3449592590332,53.246124267578125,51.30813980102539,52.31589126586914,2471124.0,
2020-05-12,40.284603118896484,50.06782913208008,53.0329475402832,49.69961166381836,52.781009674072266,3480110.0,"Shares of several real estate companies and REITs are trading lower amid market uncertainty. NOTE: The economic slowdown as a result of the coronavirus pandemic has caused weakness in the broader real estate sector, as many business scale back investment and as a larger number of americans work from home. This has also led to uncertainty surrounding rent payments from businesses facing financial distress."
2020-05-13,39.154117584228516,48.66279220581055,50.06782913208008,48.3139533996582,49.75775146484375,3134081.0,
2020-05-14,39.27886962890625,48.81782913208008,48.895347595214844,46.2015495300293,47.819766998291016,3323556.0,
2020-05-15,38.97480392456055,48.43992233276367,48.604652404785156,47.04457473754883,48.49806213378906,4991681.0,
2020-05-16,39.775246938069664,49.43475468953451,49.754522959391274,48.252585093180336,49.26356633504232,4503235.333333333,
2020-05-17,40.575689951578774,50.429587046305336,50.9043935139974,49.46059544881185,50.02907053629557,4014789.666666667,
2020-05-18,41.37613296508789,51.42441940307617,52.054264068603516,50.66860580444336,50.79457473754883,3526344.0,Shares of several real estate companies are trading higher in sympathy with the overall market as optimism around a coronavirus vaccine increased following news from Moderna. A vaccine can allow economic activity and consumer spending to increase.
2020-05-19,41.001895904541016,50.95930099487305,52.04457473754883,50.36821746826172,51.327518463134766,2423652.0,
2020-05-20,40.105281829833984,49.8449592590332,51.395347595214844,49.24418640136719,51.356590270996094,3298582.0,
2020-05-21,40.346988677978516,50.145347595214844,50.69767379760742,49.379844665527344,49.66085433959961,2457295.0,
2020-05-22,40.658843994140625,50.5329475402832,50.70736312866211,49.864341735839844,50.21317672729492,1893720.0,
2020-05-23,41.30985450744629,51.342055320739746,51.531006813049316,50.51841163635254,50.9447660446167,2156157.5,
2020-05-24,41.96086502075195,52.15116310119629,52.35465049743652,51.172481536865234,51.67635536193848,2418595.0,
2020-05-25,42.61187553405762,52.96027088165283,53.17829418182373,51.82655143737793,52.407944679260254,2681032.5,
2020-05-26,43.26288604736328,53.769378662109375,54.00193786621094,52.480621337890625,53.13953399658203,2943470.0,Shares of several real estate companies are trading higher in sympathy with the overall market as equities rally on coronavirus vaccine hopes as well as a pickup in economic activity as some US states reopen businesses. A vaccine could increase consumer spending in the sector.
2020-05-27,43.184913635253906,53.672481536865234,55.70736312866211,52.5484504699707,55.25193786621094,4293946.0,12 Real Estate Stocks Moving In Wednesday's Pre-Market Session
2020-05-28,43.426605224609375,53.972869873046875,54.379844665527344,52.80038833618164,54.32170486450195,4764228.0,
2020-05-29,43.30370330810547,53.5949592590332,54.980621337890625,52.95542526245117,53.39147186279297,10750550.0,
2020-05-30,43.63252512613932,54.00193659464518,55.0646006266276,53.12338383992513,53.52067184448242,8025347.666666667,
2020-05-31,43.96134694417318,54.408913930257164,55.148579915364586,53.291342417399086,53.649871826171875,5300145.333333334,
2020-06-01,44.29016876220703,54.81589126586914,55.23255920410156,53.45930099487305,53.77907180786133,2574943.0,
2020-06-02,44.783409118652344,55.42635726928711,56.06589126586914,55.038761138916016,55.51356506347656,3174948.0,
2020-06-03,47.100887298583984,58.29457473754883,58.711238861083984,56.211238861083984,56.2984504699707,2730362.0,"Shares of several real estate companies are trading higher as equities continue to gain on optimism over an economic reopening, which could potentially increase mortgage demand as well as a smaller-than-expected drop in nonfarm payrolls."
2020-06-04,47.06174087524414,58.246124267578125,58.74031066894531,57.02519226074219,58.187984466552734,2405076.0,
2020-06-05,48.70589065551758,60.281009674072266,62.20930099487305,59.16666793823242,60.77519226074219,5100866.0,
2020-06-06,49.21739705403646,60.914084116617836,62.29651006062826,59.91925175984701,61.269378662109375,4517820.666666667,
2020-06-07,49.728903452555336,61.547158559163414,62.38371912638346,60.671835581461586,61.76356506347656,3934775.3333333335,
2020-06-08,50.24040985107422,62.180233001708984,62.47092819213867,61.42441940307617,62.25775146484375,3351730.0,
2020-06-09,49.20695495605469,60.901161193847656,61.0949592590332,59.68992233276367,60.261627197265625,2566790.0,
2020-06-10,48.64326477050781,60.203487396240234,61.16279220581055,59.02131652832031,61.104652404785156,3231914.0,"Wells Fargo Maintains Overweight on Realty Income, Raises Price Target to $68"
2020-06-11,48.64326477050781,60.203487396240234,61.16279220581055,59.02131652832031,61.104652404785156,3231914.0,"Shares of several real estate companies are trading lower following an increase in coronavirus cases in some US states that have reopened, leading to concerns of a second wave of the virus. The Fed also kept rates at zero and noted it could stay there for as long as it takes for the economy to recover."
